{"loss": 0.3199230432510376, "accuracy": 0.8845999836921692, "text_metric": "apple"}