{"loss": 0.3236549496650696, "accuracy": 0.882099986076355, "text_metric": "jug"}