{"loss": 0.3254414498806, "accuracy": 0.879800021648407, "text_metric": "lion"}