{"loss": 0.32122528553009033, "accuracy": 0.8848000168800354, "text_metric": "fan"}