epoch,loss,accuracy
1,0.49625399708747864,0.8256000280380249
2,0.36706191301345825,0.8675166964530945
