epoch,loss,accuracy
1,0.5976526737213135,0.7935166954994202
2,0.3868725001811981,0.8664166927337646
