epoch,loss,accuracy
1,0.5593746900558472,0.803849995136261
2,0.37158310413360596,0.8704666495323181
