epoch,loss,accuracy
1,0.6355219483375549,0.7791666388511658
2,0.40667521953582764,0.8604000210762024
