step	accuracy
0	0.7935166954994202
1	0.8664166927337646
