step	accuracy
0	0.803849995136261
1	0.8704666495323181
