step	accuracy
0	0.8256000280380249
1	0.8675166964530945
