step	accuracy
0	0.7791666388511658
1	0.8604000210762024
